x1,x2,class,config
9.470427377101094,-0.41479290351355397,1,1
10.829196842906232,4.569089569224076,1,1
2.8926196274899763,-0.7024108708475416,1,1
19.21291533956652,2.3023041874587262,1,1
0.7747305265854312,1.627680130757894,1,1
0.8292407646878397,-1.3971892607107705,1,1
7.1776604440943075,-5.739840733973393,1,1
-10.524260492617294,-1.686862587722918,1,1
-4.115480083009814,0.9427419977858216,1,1
-3.172216679690898,-4.236911104005874,1,1
18.190838920293984,-0.677328901459607,1,1
5.607753842191315,-4.274244558640371,1,1
0.10055547927335606,0.33276776912959827,1,1
-5.358942196800726,1.1270940550370159,1,1
-0.4057482092692446,-0.8750812493798303,1,1
-0.4153595100645724,5.556834553526813,1,1
4.878524977358595,-3.173132786867701,1,1
12.402904208928701,-3.6625309499130667,1,1
6.879772355042799,-5.8790103716393265,1,1
-6.953674440085875,0.5905837076073706,1,1
11.646199219958694,0.5141048435699115,1,1
3.9591654585058356,-0.9033110867678664,1,1
-8.306697913306847,-2.159532625184126,1,1
0.8542510613619125,3.171366678656747,1,1
8.092564606116152,-5.289120466088201,1,1
7.9167557245531555,-1.1552468412489496,1,1
-1.0922980027536289,1.8350288665226038,1,1
14.278995702463558,2.7938403573485955,1,1
-2.5529577090037465,-0.9276371275536437,1,1
7.981370882632076,2.9266353813670776,1,1
0.6874318593923903,-0.5569769299914513,1,1
-4.957014766054254,-3.5886198722420124,1,1
12.312732401547782,4.068720085712469,1,1
4.3519089057769955,3.0105986936760725,1,1
8.254724225428706,-1.9353592638153727,1,1
8.252560449575725,4.614109699397908,1,1
4.677565648010436,4.693930967442019,1,1
-18.5777059368077,2.4657075131256714,1,1
5.783423614143541,-0.8970220513976024,1,1
5.825846988819521,-5.962706743802679,1,1
3.022953009462393,1.0713377145352392,1,1
18.301046402673645,-1.5548106548209422,1,1
-2.276442426038688,-1.5052711307536097,1,1
13.238619059318667,0.9862533289790534,1,1
0.2321581660966512,1.5398022993400682,1,1
5.873697944132363,2.9059349715986675,1,1
-1.3184778448961714,-0.9829864397933046,1,1
1.4710266218105814,-4.390544844396356,1,1
7.665082493581185,0.783165816539668,1,1
5.046021109782148,-0.7037614001254408,1,1
-7.738336678453727,-1.2619359682960771,1,1
1.9155693512590748,-2.4068318076648567,1,1
3.548428595005918,1.2121525704436151,1,1
21.97567311089477,0.5237334384955169,1,1
7.317953516504879,-0.22333774729850164,1,1
-12.268940937691372,-0.07954162634765063,1,1
5.542071889469238,7.389726337455858,1,1
3.2687513169698974,0.9046420270008374,1,1
4.68759407265281,-3.506034112858596,1,1
15.285405330635186,2.255799098060322,1,1
12.119287523387422,-2.7281623643842168,1,1
17.625148798424892,-4.205553188376843,1,1
10.281713844202432,6.571366877429936,1,1
-3.914826926176195,-1.6988931888083156,1,1
5.896862285788771,-1.5104269623485975,1,1
-8.955970879595194,0.20568892441808198,1,1
-4.560733423534945,1.4207772919055448,1,1
-3.2748181081042276,4.649803215052618,1,1
-2.049279631026134,-0.9661845486170267,1,1
12.321654956327027,-3.692592949301866,1,1
7.047139411437165,3.921428262847284,1,1
-9.467349111051048,0.5539015755969127,1,1
7.338945148235812,2.345468615331931,1,1
-6.1325563979027375,-3.961369839252829,1,1
9.697474090552078,0.8909540196995582,1,1
7.254435653112889,1.0393446284909271,1,1
-1.1202224942064172,0.6967610914830107,1,1
7.6376522596881316,-2.1430542540791033,1,1
21.791970600302808,1.4214987627353626,1,1
-5.721731474823837,1.9696608259014892,1,1
-3.7721350320458935,2.361253811227356,1,1
15.427360211066636,-2.4620469550551314,1,1
13.670385163198896,1.238342780809495,1,1
12.39854143995041,5.690378947961842,1,1
2.7915069559741656,-2.261208493072469,1,1
-3.005629866629709,-2.447430854896315,1,1
4.306084615273062,1.0234559244499317,1,1
7.490217193970171,2.4815497471080716,1,1
5.117017026901163,4.360602231471951,1,1
2.6180885008583954,8.160507499768856,1,1
10.631006129885055,-2.5714726692488474,1,1
-4.638032482550011,1.447417245729556,1,1
2.9888349320673417,2.142001482276276,1,1
9.259138621161902,-0.21848673797061832,1,1
-2.6211434626156445,-4.544541674057594,1,1
0.9813654313968101,2.569196382970417,1,1
6.926843697171836,-3.737216336135964,1,1
6.558628332660638,1.1559521391865104,1,1
-2.954716925810197,0.4611753178365837,1,1
5.523878466013999,-3.428910893491869,1,1
8.22008624313455,1.6823535791047033,1,1
14.747461188577493,3.161406156104709,1,1
-7.39902431161382,-2.8134751197453682,1,1
9.635317404877938,1.5413578527366263,1,1
9.635429176754432,11.558194471964164,1,1
10.138014596238502,3.4066969205417967,1,1
13.586015871438821,1.954173753917394,1,1
2.1625767982368895,2.276907661479802,1,1
-1.9554269308381462,-0.7104558202200266,1,1
0.6317280695380685,0.24562241815896768,1,1
25.831927100061577,-5.601795577775244,1,1
11.176341713370622,-4.838147613568955,1,1
0.7526132078950987,3.2668517909020984,1,1
5.578520171859165,-3.2332343337879186,1,1
-1.4377333833397143,2.0387932468040275,1,1
-1.5732996854542298,0.6493757687459246,1,1
5.410146559134324,-1.9548010428174512,1,1
24.295496803927932,1.9017570669540338,1,1
-13.226283279918466,0.5593629443082829,1,1
-0.9560781829154923,2.5573000043886718,1,1
-2.1326866458943057,-0.34420932440069707,1,1
9.544885510824114,2.5972655825103645,1,1
-5.802667663501985,-1.003503707522845,1,1
0.7254921995513941,-1.9599876977211357,1,1
20.889088162529873,1.2149451328828667,1,1
-6.347955589015406,2.753585841164328,1,1
24.0994057731137,3.0973957816534403,1,1
-8.67432969358612,-1.4527022185987541,1,1
16.402200342679606,-2.123008396856342,1,1
8.994374853316057,2.3239021602880103,1,1
-3.3423742442027464,-0.17857606818540023,1,1
-24.171406060621653,-3.0731629240028697,1,1
2.7268866374615572,-3.7433495458945485,1,1
19.69170173538472,-4.290424133881898,1,1
1.039599619727146,0.392221731858274,1,1
17.97145960159504,-4.307586453538319,1,1
15.468473769394636,0.030699183058761147,1,1
-3.833577859431559,1.3863104227898122,1,1
6.79153726016123,-1.8006506314763842,1,1
5.62821876491017,-1.1559407905852805,1,1
6.021656107261233,1.98639202356314,1,1
19.27415134530817,-3.713446496480547,1,1
24.1973003719064,-5.856263398567505,1,1
3.63393414467975,1.7649516194537296,1,1
7.528926809615294,-1.8680985594617814,1,1
3.126899746784523,-1.4790028039764984,1,1
-0.30428281249790423,2.548806291063074,1,1
8.213139373685426,-2.0787287857819625,1,1
13.096398878899256,0.921898562629828,1,1
12.31575906955064,1.8888865257708367,1,1
-2.4609550982986503,-1.6805431205909087,1,1
11.725642446109356,1.8311107963003945,1,1
4.8118856543226665,0.35198214992634597,1,1
16.498984062095822,-1.77471416650749,1,1
9.923876430530342,-0.6065779573016822,1,1
3.0408691709550175,3.2963305559615703,1,1
12.42874714089227,2.4405289080019155,1,1
16.749309264388963,0.06301152489827715,1,1
11.137576741654675,-0.9308002697803681,1,1
7.917497172395979,-0.39042916310305376,1,1
5.872963684934463,1.7854710763107409,1,1
-2.363986149101253,6.27716182705638,1,1
-4.054156433497319,-3.6425658383631965,1,1
15.42299786150061,2.374988081888808,1,1
10.617078353469395,1.8850365277928396,1,1
4.889779044377768,-2.6917631144574945,1,1
5.682241023743537,-2.031485134536335,1,1
13.776077600759761,-0.44117214450641595,1,1
-2.429474771132604,-0.9641575249589803,1,1
8.716383088480619,-1.6911736584119241,1,1
-2.3999835600978834,0.7310616344757369,1,1
7.204699139978505,-1.5208295261133893,1,1
0.7606552494350947,0.6961498120729088,1,1
-8.032759073475917,-4.222391323129665,1,1
-1.4659979912719239,-0.6403414551355417,1,1
7.798168090382042,4.426068650848656,1,1
12.718936608818176,-0.47981558989028134,1,1
4.8288541288758005,-3.0075880939134265,1,1
4.8333817760684905,-0.865975916760415,1,1
7.904467043042805,-2.4816928306569688,1,1
9.67411862817055,4.598216739007733,1,1
4.021158663888282,1.2051351662968244,1,1
11.211295925400012,-1.2036614156575087,1,1
7.016832336293751,0.03777720234538458,1,1
5.879084886939485,-2.3190293515663996,1,1
5.220591568330485,1.4939948737363493,1,1
18.060292470155375,2.8778124782556205,1,1
24.378642117604006,-2.3020426886641485,1,1
12.850885730486103,0.5500260172150553,1,1
24.70822639895905,-2.424894856065454,1,1
-2.557496579626984,-1.7981779363320665,1,1
-14.115061518788263,-1.5772650650422833,1,1
-1.8321939539832819,0.4511813594286229,1,1
8.075803781994434,5.628512517647659,1,1
13.553814543674452,-1.7307109669872092,1,1
-3.0857320421352217,1.4757575145195172,1,1
-6.88209886318578,5.494376297563061,1,1
15.614961086491583,-1.4075269563141144,1,1
-10.418210761817898,4.061617122496239,1,1
3.969141392726439,3.7134489359203853,1,1
13.201874931138681,-10.944276587943671,2,1
15.140941781294226,5.0524369971818315,2,1
16.868549797042498,0.49934528520756327,2,1
14.572861544936119,-5.676204293825943,2,1
16.543316502176246,6.202956317118988,2,1
11.626073724486393,12.116148780888897,2,1
18.83303046569553,-10.341141707356222,2,1
12.75454039033034,8.323140119795916,2,1
15.347023902878576,20.51151975522523,2,1
15.202555444230327,16.792971840638266,2,1
20.266022527329614,25.60747924881987,2,1
17.914712852863065,2.510358515209265,2,1
19.105894672597046,11.453759495851475,2,1
17.05815437999532,-4.649234605801045,2,1
9.723781540730657,15.584244868495878,2,1
8.882303466719698,-6.832585126657751,2,1
17.152626767387886,2.3059316555544225,2,1
15.222284341259325,20.02357052096028,2,1
10.859695625355325,21.28615545571292,2,1
14.833356903310143,-12.033824393551548,2,1
14.90191575571772,8.840654489393073,2,1
14.732639881461635,-15.674421000398766,2,1
17.009017646490115,-8.044695005048531,2,1
12.180360641017934,8.665982460968483,2,1
11.822359434333144,-0.13866917336693518,2,1
17.865426961503715,4.373209027268281,2,1
16.512139546553534,-4.857260463355438,2,1
12.621381503212968,-0.3025761837244083,2,1
11.894273032741879,3.9296964004544215,2,1
11.406366322233454,-0.5364930534718209,2,1
15.105790655915186,24.647251329163893,2,1
15.641939732202665,-1.9972550799258562,2,1
14.33709120140033,3.8767195030917017,2,1
17.272523130141916,11.141667000434252,2,1
13.27254527806596,-0.3050114761052747,2,1
8.094236505793246,2.24948302848356,2,1
19.100622802333575,-10.151910621985522,2,1
14.252891881330864,21.449677135012838,2,1
15.933750463630608,10.765569630557664,2,1
18.35872473430373,35.78880808455238,2,1
12.133378678198723,3.7208240851923344,2,1
15.61039090760167,-11.064463202575723,2,1
10.733238871206979,-2.5635074528430337,2,1
11.755355989156815,-1.465728842425266,2,1
17.64491927084835,21.871416350725646,2,1
19.43983241667008,4.920273586833826,2,1
12.416147396015209,5.773683076476183,2,1
16.616730131053977,20.231240772696573,2,1
14.428983965749175,-5.3724615432645635,2,1
10.851600807106992,-3.7561825338475714,2,1
20.72824992141039,14.261775475316414,2,1
16.688907710071714,-8.985675738191413,2,1
13.538623848705912,-1.5064256912182694,2,1
12.408027690960552,-0.9239392423886912,2,1
12.507149650766888,5.48521627944827,2,1
14.84928567165259,7.704568257798388,2,1
12.277309013875207,2.6105195313359024,2,1
17.26617367747727,-0.7677133056833272,2,1
12.067334265604346,10.009171876243808,2,1
17.254161370115366,5.993323054292259,2,1
16.630080577139804,-11.694052811213716,2,1
16.711796005779476,-1.6262375894584666,2,1
9.585353698006443,-2.6325915654251686,2,1
15.144254839984146,-11.275424378831627,2,1
12.287050124686775,7.597225017214819,2,1
10.01543981319312,11.38592458777374,2,1
11.36695140071263,4.339202013526834,2,1
15.142196013949242,-1.5183610780215915,2,1
13.846333367310525,-3.604133652839524,2,1
13.269324391430555,15.062928092144405,2,1
11.610879436027146,13.356921120651418,2,1
19.3247058619737,10.298041779152829,2,1
12.60931423358857,-19.716445001272895,2,1
14.390863841871022,10.7707212718054,2,1
13.188044439852538,8.711458733713089,2,1
14.532968293823762,5.865897874728999,2,1
15.763262529903638,16.677820616598073,2,1
13.764369101632598,8.376026620752022,2,1
13.702325436541138,0.12393775927506478,2,1
13.73704655753921,8.94452142378297,2,1
21.226202395936316,7.897748568964129,2,1
14.021929403496477,13.711247034316923,2,1
13.775773880935345,17.012139221639448,2,1
11.975741067247789,-15.381245351778539,2,1
13.945459547876073,-13.707919210258556,2,1
20.02931193682585,5.184183791895517,2,1
14.342698413573407,8.269273737641626,2,1
8.366594072976344,13.294055811834891,2,1
17.3125955816609,7.356145581085659,2,1
18.431262129620787,-9.785862457798416,2,1
13.754136258297596,8.384964074944142,2,1
21.81207857341319,11.32781866106285,2,1
15.744661758901008,6.818662550584952,2,1
12.450466891605625,0.40639100459755895,2,1
12.431748522273399,13.303358165442456,2,1
13.56702765970465,5.715662372193925,2,1
16.000986315860846,9.789798257463918,2,1
13.46995080343576,15.375399442578992,2,1
12.063708852653079,2.3012506470662872,2,1
16.131901479134555,0.5570673992388837,2,1
13.389173379111874,18.541931699872112,3,1
24.778189294024756,19.217635520633962,3,1
27.38397906279033,16.480609419342205,3,1
11.776726483442914,9.357264805378563,3,1
25.480221557445915,3.327678506574328,3,1
17.722076645447725,17.926193938124346,3,1
12.372554763508116,15.679811757918921,3,1
18.646105909876137,28.674511877700958,3,1
21.62883311949346,14.656368767629358,3,1
19.119420121395656,16.886055390420278,3,1
20.357341785679978,9.257153267328128,3,1
24.727100230774887,25.2921469788502,3,1
15.443921617844074,23.55911975983638,3,1
17.37106539950176,8.062371078448514,3,1
23.470957592354743,14.334349473732168,3,1
25.64775159730307,3.8452122217110833,3,1
15.8655946502629,13.051952608526063,3,1
9.725716640671154,7.9273737484389954,3,1
18.36658983594202,18.939023503771487,3,1
11.52460613968192,6.260234601553677,3,1
26.345107626446964,11.98529180425923,3,1
10.48428523440947,12.442451891818372,3,1
16.636382151261646,12.525541615484334,3,1
17.72852566741094,-2.181319857649431,3,1
21.48103182406709,12.614392818747932,3,1
23.632825147738785,25.09373656967207,3,1
12.467370456291649,12.386667856671016,3,1
18.29609217007244,29.44015881949916,3,1
17.879374564449982,14.083575751477678,3,1
17.278197940380288,15.18850856460713,3,1
15.265705293798039,10.558027958718583,3,1
15.282876144331176,13.803480378704009,3,1
18.532151138459483,9.722925303937014,3,1
25.519964942913443,12.470136695474869,3,1
23.45753425961231,-1.905818850358072,3,1
7.633048837959253,21.476511154985772,3,1
16.142795670021044,11.943874435517907,3,1
14.110916562045624,5.554929831693073,3,1
26.761352217118116,7.336544927205027,3,1
24.357775474970794,19.614070358884767,3,1
12.354741143913854,18.33003238425941,3,1
20.44687280613959,10.852878402321359,3,1
21.56499215086194,6.667233146648328,3,1
16.125895962252013,12.55804761105119,3,1
20.2213165574302,18.26575980922095,3,1
23.79664901682124,11.83420300508552,3,1
21.07967803472132,7.513620034400616,3,1
16.452267803430047,17.558607547810304,3,1
11.744432118073485,15.956798133452708,3,1
17.075489317785056,19.544162115241406,3,1
-5.227230205190395,10.490092258368893,1,2
-7.043436905427592,-14.084612963635596,1,2
-15.566291735239037,6.060099513456397,1,2
-12.80429352496283,17.547941819843647,1,2
-20.81929407883722,16.964563682900383,1,2
2.1101746720261843,-0.9671311187039239,1,2
-5.449190868089497,3.9913611435207086,1,2
-0.37634702424848365,11.033018820165214,1,2
1.1422764866203965,1.503017614618776,1,2
-3.6361221221385587,-0.5694562372106746,1,2
3.0780176889205917,-17.101683926566256,1,2
-13.48185422105713,7.43264094022715,1,2
1.7086543812794186,-1.8398333635267914,1,2
0.1843393306539316,3.4758170536167103,1,2
-5.397596803093615,-7.783047254023127,1,2
1.9584525509768156,-9.78372777615032,1,2
4.082527557144719,-17.025836042378405,1,2
10.291556373256437,4.7259748241304305,1,2
2.560297343138757,9.826909839455139,1,2
16.654744444625766,10.143700650181305,1,2
-18.408742313316452,-12.795769667357016,1,2
-6.248185776956788,0.2609105021083379,1,2
5.17659020469123,-7.257438131534656,1,2
1.8676676447707832,-7.5538293235332254,1,2
-6.115178029919482,-14.066610968482223,1,2
-9.232332461109042,-13.516846056163336,1,2
-9.758732529773328,10.536417966078396,1,2
-9.49398888831943,26.323820648373907,1,2
4.933179008808892,1.848361236948739,1,2
-8.583577801812135,7.003098794089913,1,2
-5.756378262377739,1.2200981464536145,1,2
25.600845382687947,-0.9605989972464988,1,2
11.492733262856758,-7.031764251258874,1,2
-0.349884904969617,17.7080063563551,1,2
-6.269670577877674,18.12448557996929,1,2
7.077519354554754,-5.624667758942676,1,2
6.3240773905552095,9.725544496267299,1,2
6.218099622171964,-15.702247198904564,1,2
-7.271371758248685,-2.4751863555150475,1,2
-0.7443342910004629,6.20672097550678,1,2
1.7770100093325383,-13.353443587101012,1,2
3.801978510059632,6.105857452838231,1,2
5.597904479310398,10.807807255546217,1,2
8.33922154548904,4.591800792284367,1,2
-0.7016571145864703,-16.609609335159913,1,2
4.296182191325858,2.0768768716311117,1,2
2.7157883719537343,-12.767485758203094,1,2
-10.810565404082624,10.531528533329036,1,2
-0.3955515385665504,6.815006973726244,1,2
0.2831837613046117,0.2975613949574519,1,2
9.382838059759976,-5.160447282173739,1,2
0.9612077694098337,-4.622752887050424,1,2
-4.344962274323156,-3.0917212346863936,1,2
2.2213377163371284,-4.787486216634774,1,2
12.557561255735209,-8.946073022195039,1,2
-1.8687164416135904,-4.397310582741749,1,2
14.469778843537329,1.9655477651157462,1,2
10.318445394686348,-14.855603730369719,1,2
2.6705026586925884,8.89630795623437,1,2
0.8228398927542419,10.654803750653512,1,2
-5.172884501003722,14.093474401855799,1,2
22.9889812361925,-3.6283856043965907,1,2
-4.455025214007718,14.533844771177009,1,2
15.795721457307124,-5.228600271532683,1,2
-4.201868170958573,-2.817846088605072,1,2
-13.44450511034277,-9.186519464841982,1,2
-10.041407667520678,-7.677975651041285,1,2
-0.3468488738678118,2.3421473253652074,1,2
15.50500492814077,-9.98354040738791,1,2
9.843223984765837,-2.1398884422550895,1,2
-0.4946370965243295,6.7481949216660375,1,2
-11.227220215622985,3.824097461840506,1,2
1.6645220821305609,4.924512640081491,1,2
2.891686439078181,24.553001399108943,1,2
-6.377399842513159,-5.3099695500181765,1,2
-6.231405264247644,-5.554771191602547,1,2
-6.373871273065177,11.890165311075517,1,2
14.205042479898548,-5.707462937494762,1,2
-8.323555731042287,4.714155563864041,1,2
-5.522230442809713,6.329318177555107,1,2
2.029230208512997,-15.15744114997232,1,2
15.475052013300616,17.95877673095522,1,2
-6.127886904843862,-3.8770155993598414,1,2
2.8586539072490496,3.34456789987025,1,2
6.585442726728305,20.102045387663495,1,2
-1.7694722749404939,-7.982972445384537,1,2
-13.793192280145272,-7.3093003994191905,1,2
-0.33126972873797095,17.945578635177878,1,2
-5.176112990361714,2.237879516388985,1,2
-0.16422896072752075,11.88393273448084,1,2
25.269324258736216,-5.308687729203206,1,2
-4.894394425182221,10.44160877069072,1,2
6.818914896263114,18.467073257360337,1,2
5.839281853259639,-3.5929209078705955,1,2
5.906548306923093,11.087035805829078,1,2
8.204821811973641,5.072740311072978,1,2
10.666746895891539,11.692955904456728,1,2
13.821589910375272,6.487098875896427,1,2
-1.6711808031685436,1.4671368643332283,1,2
12.065089665083569,-8.16935670987236,1,2
3.686733088729012,-3.9333881232736068,1,2
0.2874482293481749,12.784518626072988,1,2
1.9109906801990335,0.4643654815614881,1,2
-13.598561409799192,7.4625356602722075,1,2
6.454841811410754,21.632547233054602,1,2
-3.0777823495300085,2.1915032766393896,1,2
2.4938368371075526,15.774532797634745,1,2
-0.952955323869521,2.7902152577033923,1,2
6.078965097165392,1.8660912315635811,1,2
-4.464336145505283,1.9408999289830757,1,2
10.736317498597721,-10.265152994110602,1,2
1.32969674146876,-7.001208149391732,1,2
11.950466289248425,-15.231869047837748,1,2
-5.589218472715883,3.7721187506452085,1,2
15.655240292343404,-0.657502610729878,1,2
-5.551995266931984,18.8115706944059,1,2
-14.48013900416244,-21.988059566200818,1,2
4.400144500533324,-5.020542243526112,1,2
-10.212328171307131,7.083564472993533,1,2
2.4380071377119883,-5.640786307367284,1,2
-12.803043986708945,8.724573282801448,1,2
6.50201177958661,-0.9917586377938291,1,2
18.46636996047666,-10.700847663261525,1,2
-15.25525170924739,-6.9190806988124445,1,2
-0.45586016355497805,2.4333944932269183,1,2
-2.4123605785632987,3.520553965142968,1,2
-12.51539424190444,14.437646040732595,1,2
-0.821511783925688,11.172958315881276,1,2
3.427253463777041,4.567532191537839,1,2
5.697672802322039,4.477085600173149,1,2
6.427227598675439,13.291525301324313,1,2
1.9652116970147013,7.090037575885123,1,2
-0.8973569428722672,14.401172154494727,1,2
-6.7639230205926975,18.009404329108158,1,2
-0.4015795064434341,-14.307751021180481,1,2
1.2810441491078928,-6.810516574748808,1,2
8.40643548988724,-6.526239793023909,1,2
-4.461834332147797,-18.895407309455308,1,2
-4.523063192490767,-24.238793266289566,1,2
-15.839028234857233,7.604146561442974,1,2
7.858001586508322,4.254575617849648,1,2
-9.66976143129213,-0.47711356141979855,1,2
-0.036025390905684046,-11.583646891925428,1,2
15.033983017671506,8.773622905756714,1,2
-2.2096417382966393,0.2688583899453078,1,2
2.083828079475525,-20.417348684242906,1,2
-2.471773825205969,-6.819842479977986,1,2
-10.016200098949156,-2.811002928859549,1,2
17.976865268495224,6.4084286126700984,1,2
-5.711789897827968,5.725827813561586,1,2
13.993554365860021,9.246336829127689,1,2
0.5963036992017413,-6.469367777055739,1,2
6.982233136135899,3.9348538542174962,1,2
8.951932200277323,6.351718016819695,1,2
10.49552715319335,-5.3523521156056795,1,2
13.173940656343257,1.9759960469239966,1,2
20.752608726252653,-6.891878180895679,1,2
17.359638031652494,1.9791078346264779,1,2
-6.5141800361444835,-4.838858340543216,1,2
-3.203473081943202,4.241659464019164,1,2
5.228354880354996,-5.73700003938579,1,2
-0.2435459226098284,21.422703586118637,1,2
17.275431701007115,4.363236696740321,1,2
0.3800347816820029,1.200313267182613,1,2
6.135179727304166,-10.227925651984055,1,2
-2.573765374233451,-16.685840738775894,1,2
3.992231226052793,6.47195939702741,1,2
-4.83186462299374,15.739867632900328,1,2
-12.257656630023412,-14.643748802098202,1,2
2.2445181855997203,10.470983026121544,1,2
16.839276914578686,-4.588842628689401,1,2
10.786808334312957,-0.3850846950070721,1,2
-1.7262729994081962,8.836599374866724,1,2
6.523228784134196,-15.763921569842495,1,2
14.765403497258959,13.800913541474515,1,2
-6.255627015095294,3.9580353343740904,1,2
4.940301862827388,2.606737658239071,1,2
-5.503051538454201,-6.716233679380515,1,2
-0.25554070991445277,11.727290192593646,1,2
5.436001545944324,-3.7061433208610595,1,2
7.716987106483447,-28.485426206300755,1,2
11.487657003721035,-17.397137787780995,1,2
-3.6244094140313217,-11.196698946261439,1,2
-12.946814757209058,11.608267873785195,1,2
-4.6770120131189135,3.465038817307158,1,2
-0.4692057887918407,4.770408272231215,1,2
0.7682189106025537,-12.829922241885697,1,2
9.9626681944714,-4.937565831613125,1,2
-15.56581898659751,-4.281151609659125,1,2
15.007597906343108,8.50221742113493,1,2
-3.486521344078592,-3.492577043184288,1,2
-3.2163505121738263,20.76747983560841,1,2
3.8193545223155336,4.3004164719106965,1,2
10.302834540318422,2.387891590265135,1,2
-2.590421458207031,-1.9634984908497826,1,2
-0.7160125941406394,-0.3722223650984159,1,2
7.276295436369798,0.5194588580729943,1,2
7.326400772155792,-0.8071658010858231,1,2
0.7863519031609059,-19.982006845321077,1,2
9.163276747024815,3.464884758979927,1,2
36.986070769017566,-20.273787647355825,2,2
44.61862293346509,-0.9771273970862163,2,2
37.75727971716262,-7.279341489878716,2,2
34.28941733543799,-7.373908942215593,2,2
25.633617275129364,13.398219477067503,2,2
28.665223194656573,1.5220301122580602,2,2
36.090474114821276,3.4697732158082326,2,2
31.052932336005036,2.554727017263578,2,2
46.823909096667926,-0.4033315792350977,2,2
31.407693327004772,7.354580772053284,2,2
37.73868153070589,8.30921213892266,2,2
34.47111155420429,-8.001034389113386,2,2
41.434020726107676,-8.024417751130816,2,2
32.11844825667323,-5.279930950135506,2,2
29.551031573849052,2.301336872124363,2,2
32.24950050815191,2.953445279646993,2,2
41.29597888341053,3.1747401105978588,2,2
28.29090355296546,6.748610178018501,2,2
38.32629342247248,-8.593254705958948,2,2
34.18180048894901,4.908209196176288,2,2
27.91705547648006,9.629947693181336,2,2
28.949610890772313,0.8790351743007958,2,2
28.78849723001291,0.10905333307027273,2,2
22.326074391733588,-10.080356178160061,2,2
41.1615354425748,-5.928729438228295,2,2
23.06025355380585,-15.073730795226004,2,2
25.527267766173484,-9.26162855385249,2,2
41.494106120954584,7.068719625398439,2,2
25.182947583755933,15.767050637410161,2,2
36.87235840894116,-2.2738196845603573,2,2
12.50415999588499,16.036598008135194,2,2
20.272992732654828,-11.517791228698243,2,2
37.15799302406748,17.07826684437491,2,2
39.68990972957363,3.947363840366517,2,2
34.163280391657004,5.973908911462154,2,2
35.31250012850735,1.9683399677856306,2,2
30.729407727663133,-0.4381518952966569,2,2
24.722247877933267,-1.9647255380674185,2,2
18.1493023006323,-0.6883773875632493,2,2
23.079862249943577,-7.725125220510396,2,2
31.25925905807435,9.744016004412195,2,2
36.42821624201619,-10.993504225362239,2,2
23.072603044007636,6.585398315917511,2,2
23.12258824523183,-1.5724320499791722,2,2
33.85036469317186,-6.7784111840454475,2,2
30.73762854302172,-9.33817846442743,2,2
25.790426492341503,2.238473538997759,2,2
18.849043865278315,3.083323165722793,2,2
29.86253540751323,3.8674296809200346,2,2
31.56739893845263,9.54898300981691,2,2
30.87657151853535,-3.0058387878767707,2,2
30.856082521225986,3.8030862032547152,2,2
30.34202049227993,0.28414183842717666,2,2
25.086058185352712,-4.6403064228566375,2,2
20.181763097402147,12.247037202308576,2,2
21.292957352261006,-4.850336384571351,2,2
24.97114914101562,6.264470638611089,2,2
27.935352251955806,8.734194508716136,2,2
25.285565630292922,1.9529591355666138,2,2
24.1525706271817,15.016043894413718,2,2
21.68681106679341,2.1687449715891924,2,2
34.43643816652469,2.8965936821604874,2,2
28.702986387856043,-0.9087448981339832,2,2
30.306680303853767,-1.0290140113994204,2,2
36.74715381756437,15.473661011139459,2,2
26.097557504945165,-9.588620857053545,2,2
29.382025661541217,18.05796536358023,2,2
24.374278024211883,11.473817638108471,2,2
41.74390569853509,-3.8751176919559622,2,2
33.982881554296924,11.398776361899767,2,2
27.34610581308759,-1.4250625207165324,2,2
25.928233602359494,-7.1032971148500685,2,2
25.45505718453795,-8.567581867335797,2,2
30.23858427781458,-5.389812617410493,2,2
31.636501382535233,-10.891269523425391,2,2
32.3161616255012,5.834702731262473,2,2
16.043850501999813,2.618395988933005,2,2
38.59368294731304,-8.467487130838439,2,2
41.70800670786392,2.9331330655623162,2,2
25.064917009691136,-0.39038354360394206,2,2
33.90828838765206,0.5320377398868805,2,2
33.77129194712458,-6.444715151555564,2,2
31.185525768252546,-9.896001478334862,2,2
29.221417570559097,-6.327353490253528,2,2
24.851290401871633,8.652652226473062,2,2
37.639170844159885,4.263966846350239,2,2
22.353810647291947,-2.2148591478636135,2,2
38.49168389985428,0.9920183954793331,2,2
46.23530677987186,2.753224875760603,2,2
31.34434381543022,-2.16381524941751,2,2
30.934786333475977,-1.0672888546638073,2,2
34.95676073682013,6.696916217562088,2,2
24.498073776444354,-9.318630674904446,2,2
17.146562388276926,3.5559392883878056,2,2
22.276433756782886,-15.07023415066738,2,2
32.72005023171675,17.450996622029535,2,2
29.95750361922075,5.869435421161493,2,2
30.572805509832953,-0.6922275723379987,2,2
36.43353538091438,-2.0319218093205595,2,2
31.87174619850332,2.2518846433720956,2,2
9.327638185427805,28.96816939814609,3,2
11.300160973218365,21.97701936202862,3,2
14.146039374281614,21.406128072835852,3,2
12.112724629476514,24.963524013423186,3,2
16.34358226332631,26.89879293151981,3,2
11.899892165019425,28.27106519680115,3,2
17.560830196069254,27.231241225407448,3,2
12.041410479373523,19.75265507059936,3,2
7.73954534769851,23.77910118258133,3,2
9.561951191362867,24.252114788058215,3,2
12.226599699588428,27.118771017426923,3,2
11.718004887763636,26.946006575304807,3,2
12.25789765924048,17.098133734584515,3,2
8.242658424724983,24.42364977711354,3,2
7.16122102863557,27.399714919984817,3,2
18.12300332937479,29.875047406789268,3,2
11.146228516279168,30.96290454739981,3,2
12.594669828808446,23.651656115527842,3,2
9.546389345836241,23.790121254047488,3,2
10.447292725835085,25.681664889501953,3,2
12.642295924199459,25.012184080613657,3,2
13.7477526789854,29.762585099145365,3,2
15.798216541765296,19.060408126200386,3,2
1.7843154603921807,28.737279644957095,3,2
6.532485206338316,24.100938392429267,3,2
7.319547895762562,17.79207824967992,3,2
14.165850912819153,28.036620641210586,3,2
9.693958397093123,14.63583083142036,3,2
9.815022206990069,26.567216021610186,3,2
6.084353724903485,25.73343967911662,3,2
11.938760603308017,27.317165998404352,3,2
12.478321473656614,21.10772423647378,3,2
16.786286006657967,24.36588170789212,3,2
11.890781841960273,21.266928163707217,3,2
10.22687099523396,21.460789143892395,3,2
11.308215760306307,31.846833920569374,3,2
6.512395428274575,18.545754408493035,3,2
17.884681309974432,24.162705291392534,3,2
9.323709045360333,29.159618749584304,3,2
9.577537841052543,32.304038854187745,3,2
14.711703485357077,23.04835436741719,3,2
20.629232853062014,22.577140307986646,3,2
14.968381488037227,26.19717032162597,3,2
17.206965157595192,31.24604478690741,3,2
12.128016596263066,21.986328518615267,3,2
13.839888571756466,22.289138520991575,3,2
20.053548990106492,25.54614132433095,3,2
10.538713794751565,25.738721223459635,3,2
6.611494841881214,21.113543845957395,3,2
16.801655631777702,22.372422884114417,3,2
-10.469109826819397,1.0733055050545723,1,3
11.857041546629969,1.4379066213301335,1,3
9.960476858058163,-1.5135901771389215,1,3
-14.218106667418438,3.0026673039109735,1,3
-3.2267983884213574,-0.5016660329100947,1,3
13.281941418490579,1.1124600188013198,1,3
4.558877720816076,4.330004689802168,1,3
-6.4351823038014295,1.8556802561624743,1,3
0.570131248970845,0.5371845577265139,1,3
15.284684264125318,1.0156715125792475,1,3
5.3829607904963295,2.1450146746196044,1,3
-3.6495272954288533,-1.6784193346780127,1,3
-10.448091940210336,-3.9327131787520035,1,3
20.56207129940322,-2.2064167314433663,1,3
-2.21253623585772,-0.5536265997778413,1,3
3.0740669780910075,1.6314744250785935,1,3
8.604734883597454,-1.166154877137877,1,3
-1.671217137864115,0.5651599009765993,1,3
-2.4869112618354707,3.2146911520399852,1,3
4.909749516382513,1.469755572099635,1,3
6.628812686674127,2.34694771497065,1,3
1.8102155870370695,-2.593663895911693,1,3
3.9968795175264162,-1.302713787583658,1,3
-5.286166817497568,1.1727280375101865,1,3
12.382830714336357,0.0425431534721233,1,3
3.088330125989638,3.404429889270476,1,3
2.4075317948856827,5.20336622836079,1,3
5.655096456315442,-3.5215255183116354,1,3
7.533416211045325,0.7623167697655555,1,3
12.897527540827456,1.3463627025399167,1,3
-1.3845598398377381,-2.4485964725787315,1,3
-2.090232572860253,-1.7010409084186002,1,3
-5.805234498047227,1.1771568088412192,1,3
16.69904504351406,0.7893430596459622,1,3
-11.958830620351844,0.8892053364402814,1,3
11.96631486645651,-1.2195658086387644,1,3
-1.340171666729177,0.029376389458394186,1,3
-7.8489831308224005,1.296560867687718,1,3
-1.2094814860778156,0.8390648878140555,1,3
-8.874921778021001,-0.8749166006468209,1,3
7.2238135782777135,-0.745666304183534,1,3
17.26963851233405,-0.7992723712292047,1,3
2.2468472575188594,1.8651816637461798,1,3
-14.183657329330316,-3.5216176239615518,1,3
-15.256563145700948,2.525168206854364,1,3
-5.5185814589244675,5.1163985713365046,1,3
-5.642475986573886,0.36910260639407394,1,3
15.421099525678756,4.012185776318246,1,3
20.615035766363977,2.416732461186285,1,3
10.240625258114624,1.1850538984023662,1,3
7.783610761666377,-1.1023714326570668,1,3
-8.181988834223072,-0.006748914821904103,1,3
-1.7018462252492843,-0.9064560986545503,1,3
6.963874474567153,1.9106104171410214,1,3
0.8840688629184735,2.9550601621105237,1,3
-11.41689114133505,-0.38731891855943623,1,3
-7.168223206028049,-3.73307323414612,1,3
-0.8268068584269925,-0.24349501676656707,1,3
15.134497432421309,1.261623369109555,1,3
-10.24186824329205,3.7081851326683766,1,3
12.21033695525353,1.1641954069372316,1,3
-2.264840988498319,-1.9188784734469595,1,3
-3.72206776071053,2.177497239408372,1,3
18.84586305934609,3.086487056544378,1,3
-4.888494217862741,-2.2392348665780224,1,3
1.4088624691120395,-3.5368787311257033,1,3
3.2316771418478147,-0.29520517259733736,1,3
-4.660365018682422,-3.189406134533591,1,3
5.136001065697165,-1.0654016793238228,1,3
-11.69916835710288,-5.744524426563299,1,3
-0.27514905050636257,3.544503193339488,1,3
16.6125921454787,-0.9141925131725437,1,3
-6.022120603617806,0.9375485121500475,1,3
-9.983854391882915,0.6035837996389319,1,3
7.660802783846902,2.453866447768615,1,3
-1.0015407647995278,-0.40734750035393175,1,3
-8.779825867565611,-1.65376070807972,1,3
-2.2647889190152677,0.7347310136323562,1,3
9.135846262332494,-1.6063579013606897,1,3
14.926885689595217,-0.5422472020851375,1,3
-0.21367294348436155,-1.4944233582956468,1,3
-24.242402602729417,1.7680907927220995,1,3
7.368438970924334,-0.5626551142364268,1,3
0.6699071722487192,1.031878435408199,1,3
-15.625458568865426,-1.0581053546925896,1,3
7.942646796218272,-2.508578846338499,1,3
2.935579321666293,-2.71316360924681,1,3
4.664299824335264,-0.07128296459496714,1,3
-16.151318159055094,2.3294787089143427,1,3
-7.345915767980492,-1.620504874028762,1,3
2.0056919723094286,2.2972746988574304,1,3
-10.15821818978397,0.1233596996959433,1,3
4.288165003305729,1.3862112145262881,1,3
1.7644155527722518,-0.7340556781666446,1,3
-8.275902206487197,0.1722877660927495,1,3
-10.72139011985607,-5.842700966989215,1,3
4.365598041576678,1.8078696821723905,1,3
-23.629324355418383,-2.019461409419875,1,3
6.191542610051978,4.114990939423397,1,3
0.20793707675407894,-1.456005882458269,1,3
13.171035588951598,7.74975283829637,2,3
8.540358208754647,3.401615986699493,2,3
10.172564778179677,3.0933427834825755,2,3
16.226703159947956,8.24935691693912,2,3
18.230792731160292,4.495292995747425,2,3
12.081887310844559,1.873618382606686,2,3
23.83109777147159,4.8443256059743955,2,3
13.195200864093744,11.38621513568972,2,3
17.987529083656863,3.4964178998096314,2,3
10.736424037944566,7.29689141839351,2,3
16.132704105377645,2.1234440433652666,2,3
24.192289345752037,3.663711828922012,2,3
33.73297776217545,7.160096131429297,2,3
10.526781043412488,7.562032723470226,2,3
15.678555105274032,6.705547350244439,2,3
19.84732817294475,3.3072866900182527,2,3
8.56450167682538,7.059921635162322,2,3
11.652246678934592,4.1927030735160065,2,3
5.448774206506471,5.847198131186922,2,3
35.625249192431454,2.8649341714914542,2,3
15.24219456672758,7.8244411108308585,2,3
14.203586087542849,5.904743592499468,2,3
4.376064718531204,5.856614194415297,2,3
13.128557349954512,6.971459991359726,2,3
26.87386051564751,10.179127284037229,2,3
20.796331732135755,5.6515926331643325,2,3
16.94384301577336,4.293667414378623,2,3
18.38483843461691,4.409197179721941,2,3
16.684609762696144,7.63519507121592,2,3
4.934574347203588,7.279757122258091,2,3
28.171150673398653,4.763862946017842,2,3
-6.218548990085946,3.7843560258111353,2,3
27.96994546561109,4.954263875402236,2,3
5.006977677050893,3.990450157543565,2,3
23.40620026504553,6.093467136402759,2,3
12.610679008303057,4.266351176370625,2,3
11.08241850956178,3.155179631002995,2,3
31.153756894694418,4.35535906157732,2,3
27.171585208254964,8.042632103844902,2,3
24.983108981479603,4.136759374563903,2,3
19.037300903366095,4.951608787218167,2,3
5.962981392698719,5.6487185634432056,2,3
3.209602088401976,7.375358776923127,2,3
10.35382702701607,5.4023193117456785,2,3
17.832878715461423,4.482190052591846,2,3
20.866938014752748,4.050192686754951,2,3
23.71297297457244,2.308040639506503,2,3
16.26379579546412,8.87785799811657,2,3
4.996686753944253,3.644510058950297,2,3
20.13907849658915,5.359163563879196,2,3
18.506300992735593,5.978374260295327,2,3
21.3472146856177,7.219399683912446,2,3
19.098186569285126,4.517484690762915,2,3
21.725737012027313,8.799763869790432,2,3
13.673662536174264,3.050941390658717,2,3
26.070806692869727,4.759237672092803,2,3
-6.726695460140363,6.694843354300843,2,3
9.646718140460774,4.818933435391679,2,3
18.319803305690144,5.380999359558133,2,3
22.094518171390394,4.129027258860313,2,3
20.131057981760826,4.4809066448321655,2,3
22.38810480887503,6.230734968026107,2,3
5.645612979554047,7.1719642323500645,2,3
9.64036554885952,6.61611559656229,2,3
18.672873134013408,8.676367353590244,2,3
12.765340176281478,4.301366407763605,2,3
14.805803941122674,4.3936404343314495,2,3
22.9994190194205,1.7673787831268242,2,3
4.463175808536459,2.864394156841614,2,3
24.503075919735757,8.42122674516385,2,3
13.955507814625285,4.662356553619979,2,3
15.700521631131814,7.323756605216381,2,3
5.726468658094259,5.47673796546957,2,3
24.7519762978243,6.002188339879691,2,3
16.895816165987434,7.002092185134282,2,3
-12.032322929992372,6.3557506390618155,2,3
8.459243168725763,1.3387342062870862,2,3
20.11202599524981,7.747317090325915,2,3
13.625514853723082,6.905749094405878,2,3
31.122782579886454,7.629828907168095,2,3
31.39964529371393,6.484254982143785,2,3
15.754336389015927,1.796068376205663,2,3
12.539375118700514,3.3135068093676168,2,3
36.70942717497814,4.648228375135327,2,3
16.232048067844858,6.102970752080935,2,3
15.436024463724538,8.390102080861507,2,3
8.77350638265548,5.389214910474485,2,3
7.5752941430195175,2.3599549775585884,2,3
8.882309090947146,4.9259264059031755,2,3
10.7069777548274,3.615158040252288,2,3
0.9368253632816614,4.83378885474261,2,3
-0.047203740310022724,6.520111927379205,2,3
15.824397529345033,2.084897001070139,2,3
11.907909229501366,3.4956871888188337,2,3
18.191745104191803,7.680900892046289,2,3
-3.751724696457444,5.230052158294835,2,3
13.398672044333596,6.342680152900932,2,3
17.13196628237689,3.496061336522362,2,3
11.809460643333818,3.407948286393022,2,3
25.76007138598598,5.0426232973438845,2,3
34.01190685753008,-5.121321627629242,3,3
7.915932330895372,-8.027428785225654,3,3
-3.0313967625594493,-8.168271886010979,3,3
17.671266510114833,-3.9825499535401323,3,3
-0.8119070203213337,-3.2099233718477693,3,3
10.169389483165606,-4.706413976028902,3,3
31.122206282554245,-3.206321368268936,3,3
12.314693520941677,-6.782384450830575,3,3
-6.518154013293049,-6.43830663848484,3,3
12.888697611723057,-6.974359054302368,3,3
13.687430329076953,-4.846296234082463,3,3
12.751440181919214,-6.3000051616469195,3,3
16.686546719667277,-4.116118700861182,3,3
4.096009225571539,-2.17813524050746,3,3
14.014118677157382,-4.962300754110305,3,3
22.08214423256557,-4.533567737472997,3,3
24.53136633913245,-4.425751669596352,3,3
8.875626253595621,-4.276992949587797,3,3
3.562737926793382,-4.782880588446954,3,3
14.667700093555393,-5.416233714545079,3,3
13.714624885610693,-8.763698090995279,3,3
9.512750922590385,-4.814310197717771,3,3
16.598563919974005,-7.055350281851917,3,3
27.657078408647006,-6.732349696429002,3,3
24.694572005267368,-4.145611276256631,3,3
8.53772690156197,-1.449378214780976,3,3
3.063631682435199,-3.161691652779997,3,3
25.005823180429783,-6.34124041815329,3,3
28.92465300064329,-5.500093029197906,3,3
17.88693629279857,-4.4793563224575585,3,3
13.656912585294522,-3.378383453680436,3,3
22.93488720552213,-8.497063946476361,3,3
28.043402428781526,-8.324983976071348,3,3
25.32546204341657,-2.7465897263448333,3,3
4.090335697848017,-5.82162857590917,3,3
3.9429533151406417,-5.429842060577471,3,3
11.919657158142588,-3.44067893546132,3,3
28.103087461196083,-2.208632378420088,3,3
9.37831973421698,-5.418443747489055,3,3
-1.8343819222095021,-6.611740132992377,3,3
24.648516330974577,-1.7688343529035366,3,3
2.65651128120078,-6.184928518305789,3,3
14.735942430410729,-4.439677682360786,3,3
6.903964800783539,-4.1518779110718205,3,3
10.26160652929084,-5.0289045417565585,3,3
20.462842480036997,-4.9871554603781245,3,3
10.636141094734313,-5.219219607851661,3,3
14.116370407946647,-5.7400220597642555,3,3
12.412039373328977,-1.8027056589905661,3,3
20.609194479412388,-5.590960636058321,3,3
21.969544045107355,-5.66763897951202,3,3
26.731246375866412,-4.260715615603813,3,3
13.92697855995771,-4.104566148379445,3,3
-0.7087615206849929,-7.253534937819611,3,3
3.0607499360094454,-4.714113810472586,3,3
32.32514999485092,-0.5373997076147354,3,3
21.38051101440757,-3.998311050111086,3,3
-3.010577341527391,-6.085347599468044,3,3
7.122162480917611,-6.241695196502232,3,3
13.318561814152105,-5.944181155394254,3,3
-4.792998103757878,-3.504179487764932,3,3
4.2725697426019345,-4.521506271777701,3,3
35.740826697499735,-6.838769183172847,3,3
-10.302875227463296,-5.572008443760222,3,3
26.00959634998571,-1.0833050915588123,3,3
2.704504055475832,-4.006601553526957,3,3
10.346895432199467,-5.211896708608271,3,3
41.44343347017035,-8.005940656790306,3,3
17.537396614945735,-4.064613656469134,3,3
25.85786324939347,-4.8040336930582095,3,3
18.080505395041023,-5.783297134843583,3,3
17.691269412451074,-5.686384550994821,3,3
21.21571889856051,-5.739220672087268,3,3
18.771003939021863,-5.058525627369956,3,3
26.260502507721682,-5.102787447176972,3,3
-2.730324682068815,-2.4761569985720167,3,3
5.94267699137381,-6.3075326772976394,3,3
9.04338705956508,-2.2511238136583653,3,3
-6.356742139786956,1.2754970673199875,3,3
25.560568090660517,-4.5535221717416805,3,3
14.451059993837136,-4.428891850284686,3,3
20.211224283793385,-3.709568828099886,3,3
20.556044660034484,-4.820838637489502,3,3
13.02661579692674,-5.302546567307023,3,3
13.05091719647319,-2.732459806265871,3,3
20.93556722280862,-10.880777269328561,3,3
21.559007765297608,-4.610527610562451,3,3
14.812912435541026,-5.777036906177772,3,3
26.241127199860134,-3.1049470757542843,3,3
7.271223321763909,-4.18589542575093,3,3
5.2834326545871395,-7.7592363295778615,3,3
8.732827754100349,-3.2752130552344827,3,3
24.53125045376087,-3.973829159805414,3,3
22.250957868479972,-3.967643425770083,3,3
8.585184047770477,-4.1361549106521185,3,3
23.004095252276823,-3.4914173403728515,3,3
26.88913371474643,-3.5833923055978723,3,3
18.514482075415827,-2.859699523367145,3,3
14.7347874075094,-6.763749302455436,3,3
13.369330360562362,-6.489805289612898,3,3
-2.700713099897526,-0.5780746828620713,1,4
-3.169679683999845,-1.231846118556161,1,4
-7.574458667815143,0.8531748294917543,1,4
0.004821901448896947,-3.2683545242727625,1,4
2.6369826737296203,3.7502805505062335,1,4
-6.4302394574758965,-3.050899114264857,1,4
-3.076569399149193,-3.7596124044354586,1,4
3.317899367726994,-0.7753045550912141,1,4
-1.058059365242443,-8.015449457627014,1,4
2.5416721208369055,-4.95703357941389,1,4
0.239730521065313,1.1095077518327667,1,4
5.442634383354604,-5.235281596476448,1,4
-12.078048623283301,0.7353981790147794,1,4
7.202044726043415,4.955785411757749,1,4
0.8386376610985031,-1.9665447425281894,1,4
3.2284903865492414,-3.8941847988178746,1,4
1.905431077424877,2.0218806366665074,1,4
4.240839629995519,11.03864015564431,1,4
1.5696638687150681,-2.035854502829995,1,4
-0.10229724876797774,-7.076303619556473,1,4
-2.7788525243562328,-1.637129752452416,1,4
-2.09635359173837,0.609419488134888,1,4
-3.2896797295288023,4.484122669297886,1,4
0.0008282596727883754,-0.03720128455445767,1,4
-1.3115788660516714,0.6207627354359165,1,4
3.300393058670539,-3.4685208628436013,1,4
-2.6324659563010266,-1.2149041151066586,1,4
-5.38348369389286,-3.277031438885991,1,4
-1.9048834941786361,3.49755672285091,1,4
1.0502453160076999,0.7743596454701774,1,4
3.403591848671889,-0.5494871535975866,1,4
1.5618593997155583,-0.41288701172998493,1,4
1.0614493975985138,-2.3310346304463283,1,4
-9.755268633105716,-0.5371166487452166,1,4
5.69099254439976,3.7048616089663695,1,4
3.861589938364683,4.944522887224871,1,4
0.35463036384574975,0.7892628296223824,1,4
-2.4706075817374007,-1.264291424108199,1,4
2.4630845990845662,4.815537748675265,1,4
-0.5577851027239982,-1.8007570594056463,1,4
0.002111835426389171,2.4048269957164594,1,4
-5.775419264534167,-9.184723812548953,1,4
-2.202147397966334,-4.8828497036566345,1,4
-2.0325607905892435,-0.5911212752698861,1,4
-1.8129936360920536,5.809870137882982,1,4
1.3069790584092802,1.2018974384433134,1,4
2.4888285761736078,-4.5553324711230765,1,4
4.156447149681075,-0.30305714614183954,1,4
2.68192246896485,-4.287428932160622,1,4
-6.215035064064257,3.2715586321001147,1,4
1.5056381043900664,-3.6082062174300416,1,4
-3.4786523250987775,4.501739137659078,1,4
-4.757647571469311,6.570691813023854,1,4
-3.602482938591475,2.553567702433532,1,4
-1.3144739029959385,2.4127497243293723,1,4
-2.1764560084567703,-0.6511716242891769,1,4
0.16367670158288453,-4.008749823125891,1,4
2.9632973816805035,-2.052854265886341,1,4
-0.9143996613600743,-3.977397498434049,1,4
-10.249334635181242,-0.7641110504006761,1,4
9.650461686451663,3.1384171515920953,1,4
-0.07704151893757856,-1.0515633168330707,1,4
0.08986357124818552,2.18847646070084,1,4
-4.723251261235379,4.457286778675488,1,4
2.8615252617649762,2.872742902831738,1,4
1.7539029552389092,0.07846663077595961,1,4
2.6914449438672796,2.367256534965512,1,4
-1.4161628437640952,-2.294407091587604,1,4
0.4074251810479468,6.196080605980749,1,4
-4.9564283026156035,-5.87010106300976,1,4
0.659043364946067,0.20355080742407225,1,4
0.6933666574816328,0.975812791634001,1,4
-0.8928090185392205,5.959453754408329,1,4
-6.403615913906062,-3.313988099120984,1,4
-0.41301904059618955,-6.572755244616669,1,4
-0.7034176177282847,6.645880662912073,1,4
0.08354595318384715,0.9228036228747339,1,4
-5.040659060690321,-2.46544563215791,1,4
-1.500785521295748,-1.2708603870249362,1,4
5.126575180015075,2.230764242900498,1,4
-4.445831827748128,0.9860191137280195,1,4
1.9928869939871405,4.560596154085066,1,4
6.322162746273494,-4.060376767311475,1,4
-3.243430044841353,-5.030311435658465,1,4
-0.9360794364279255,1.865433497785338,1,4
3.9493380663564075,-0.30380409457009105,1,4
-1.2793900930193758,0.6070319689949615,1,4
-3.340571606520092,8.358154886779094,1,4
-6.430644108472235,0.7389623155828978,1,4
8.094424876918557,0.027199378239991075,1,4
-0.7601561400059779,-1.4297816912417087,1,4
-0.7215667270496313,5.491393898706121,1,4
-8.847447645318027,6.133734805185302,1,4
-5.69582860980058,-1.0666093169376591,1,4
-1.7169776811946473,2.354213079082879,1,4
-6.39249740753499,1.8486906643277714,1,4
8.09723849314741,-5.452696018371242,1,4
0.7588246704415826,-2.6479287111864362,1,4
1.703548824772143,0.07659110966300824,1,4
-2.5659476361772384,1.951489139484296,1,4
22.217392439146973,-0.7636151669091947,2,4
17.87903176859273,-5.173091831484655,2,4
11.174254492727965,1.8896251115215095,2,4
20.93646411414386,1.42245339514264,2,4
13.747767877907382,-0.002834378306583669,2,4
9.99836906412113,2.418061305421467,2,4
18.52933224929364,-1.8083613313323215,2,4
13.119831408961995,1.063512918608194,2,4
13.253121055837617,-0.2645304585032898,2,4
23.398887156666063,-0.9881028029839867,2,4
13.56663939191511,-2.5901672225406367,2,4
17.97676788599975,-0.724896692872412,2,4
12.402507846714297,5.285216129092048,2,4
20.678412018054548,-2.4016942629548206,2,4
7.533840194557535,4.0300547593476885,2,4
12.261480696959984,3.1625023966510746,2,4
7.119584729152658,3.570389353197237,2,4
10.155312282876874,2.923056476266098,2,4
15.057092271345736,-3.8157576775865794,2,4
13.371854748292877,2.745273827826803,2,4
15.423577812460938,2.337651921889937,2,4
22.90576233806194,-6.256966446844205,2,4
21.468850299874497,0.4174237500928517,2,4
11.404863806707487,-5.321254502955959,2,4
14.243518436891867,3.6866004476978373,2,4
14.489803518489863,6.04461972098939,2,4
9.195297239793764,-0.04835579138421824,2,4
9.990426222347523,1.4545275304998715,2,4
18.5475495603892,-1.683047174724213,2,4
4.583144573491463,0.7957925871859781,2,4
16.74695420693404,1.6171790198467906,2,4
19.943128767288616,-4.284214718596195,2,4
17.7208644218018,4.7700300499119,2,4
7.885649663973933,1.278607303675909,2,4
12.983280675969315,-0.32609069240658356,2,4
16.390705934153345,-1.9489142564542092,2,4
12.297167683353553,0.1366096699520984,2,4
10.651016244548789,-4.343300515540742,2,4
17.717493131826014,-4.595176140634624,2,4
17.66525000363685,1.8503651714158047,2,4
8.096773084837613,-2.7102586093426204,2,4
19.77643761218949,-3.9246621245587265,2,4
13.14238295076245,1.848243573007586,2,4
18.133562037130382,-1.0061555441779828,2,4
12.609959221233433,5.689479446794031,2,4
21.955598655190315,3.9154322031271818,2,4
15.341272570260097,-3.2330628865637054,2,4
11.678222373773739,2.09005642106303,2,4
16.673592883554736,5.606394371785718,2,4
17.601800370144556,-6.012321207039272,2,4
19.207790470891673,-3.9922425092576517,2,4
13.464114912190594,1.000800825006778,2,4
22.98266995913586,12.439674224021443,2,4
17.42689223654473,-0.7327864748815515,2,4
17.1380225939222,3.5506217034953442,2,4
13.717329497771233,7.180845423649289,2,4
15.920283036765609,1.990972356365577,2,4
17.663697008217845,1.6863464424578227,2,4
18.35576200187845,-2.4690127461876927,2,4
12.766792984215877,-4.40061693188678,2,4
16.758004922480907,3.1157460140484563,2,4
16.831091464607542,6.697969733390149,2,4
14.977615924683814,2.6749666223700506,2,4
10.633196495442743,-1.548398809897604,2,4
17.78215103026311,3.396408442972576,2,4
13.82413220934327,-0.2863970074322673,2,4
8.928505013276762,-1.4281168032264375,2,4
18.561532654079144,2.300820064426265,2,4
17.00266288552484,0.1990947487238403,2,4
15.028252634512706,-2.6412845578937882,2,4
17.79531368081014,1.6838917775575593,2,4
16.968075391971198,-2.1041393706703215,2,4
6.3866283205150225,4.388610847014783,2,4
13.084650175966383,-3.4511030561724825,2,4
17.773915647655976,-1.5680505596765184,2,4
19.239745536186486,2.46802379830679,2,4
17.73427729280191,-5.463822844802137,2,4
19.847775941545603,1.0450021249354242,2,4
13.522891443015187,0.5735538693690043,2,4
7.89505906840672,1.6346112459226834,2,4
10.882513967271713,-5.410681143374138,2,4
8.910563255128436,4.450753499959701,2,4
12.482946425228846,6.134910839665997,2,4
12.856794147790808,-6.829431830371787,2,4
10.533902240205364,4.943246480027755,2,4
14.37640728825333,-2.1931491859624037,2,4
15.64007290341115,2.00713094467018,2,4
19.469595263609843,5.793996919571705,2,4
13.560925416843657,-5.304190744328153,2,4
13.346139355506896,1.0411220263315446,2,4
11.144964295157557,-3.8286036595801716,2,4
16.37515152619954,-0.1946094062818046,2,4
15.131187981646345,-3.033981338800278,2,4
14.07839714317693,-3.6969325770732175,2,4
18.560793644499146,4.14099733889501,2,4
7.615248551047625,-3.71804344076964,2,4
9.013882979639684,-2.600095737627593,2,4
14.666248120838556,-5.79858087879412,2,4
11.312560747498747,-4.015829488325994,2,4
15.829069317595776,0.2773773481450017,2,4
-17.886950213349014,0.7072834885575919,3,4
-17.186720338349062,-1.086620441304213,3,4
-8.306191638805853,5.361844207161392,3,4
-20.19832494771039,3.318929671516698,3,4
-11.754413782033632,-4.593053155010473,3,4
-11.724889424980557,6.151727673650211,3,4
-19.490179224977656,-3.6700112840570545,3,4
-10.92935413262599,1.085981243302592,3,4
-12.794094899041907,1.362356865601987,3,4
-13.437216316287424,-5.305888513244332,3,4
-10.810729173514208,4.678359969711094,3,4
-15.91756297627211,-0.17390779925544972,3,4
-21.124430010222888,2.0570190240713395,3,4
-12.711770233143424,-0.24876406799724401,3,4
-10.50258656051799,-1.336308923919762,3,4
-12.741576296425599,-4.078657354768462,3,4
-15.094208603496952,-0.6974170316113434,3,4
-14.098768311836233,-1.4781077153334343,3,4
-15.525890382686672,3.304188685766025,3,4
-16.74705694895287,-6.426308402954717,3,4
-8.001664383178317,5.525816314761946,3,4
-20.169050780422474,2.7588312209807775,3,4
-17.01189908220537,1.0539488613242383,3,4
-13.823103483946024,-0.937631201265288,3,4
-18.135062662345586,-2.7621642092650376,3,4
-18.66476766192497,-3.327288832921779,3,4
-15.268713160197422,-2.863039956443007,3,4
-12.27179173714952,5.948984621343709,3,4
-17.320212965480174,0.9576180021415083,3,4
-13.001259558788265,1.8880090836770975,3,4
-14.69617892833565,2.9707296734388895,3,4
-13.071004189277371,-4.950649689309191,3,4
-11.523375742442907,3.5491633490669683,3,4
-18.053144416714325,0.1517513417904081,3,4
-12.266684028755723,-0.8372552783174463,3,4
-10.708087808935954,9.455489978477443,3,4
-18.14394413053993,-5.5241784126150995,3,4
-13.784725617580497,2.886250020504574,3,4
-15.923465495379077,5.813042653284137,3,4
-20.354423198892995,2.7716744921264445,3,4
-17.423443283035574,6.877511624829187,3,4
-7.029938587327527,-3.0666263511333915,3,4
-17.198228543634322,3.4383515479192077,3,4
-16.54852259915806,-0.18164487172895288,3,4
-14.89844631783036,-7.678692624790625,3,4
-15.055350984376949,-2.7589110962566954,3,4
-16.972491289599088,5.774528013875257,3,4
-20.026027577117027,3.252820746991909,3,4
-16.115851721327235,-1.1190406739833376,3,4
-11.838512415793154,1.3602051782755618,3,4
-12.717548011121876,3.8727386421314445,3,4
-16.32523353273329,-2.448946938031001,3,4
-19.34060210623119,-3.3016421199158206,3,4
-3.203622298765099,4.978718322947147,3,4
-20.404297464832084,-5.289831826974281,3,4
-13.072535753126035,2.189059189511868,3,4
-12.804464658730542,-1.0198231742147914,3,4
-15.5018170400116,1.3115180966374296,3,4
-14.656427974826679,-8.87720149099014,3,4
-15.919198522300775,-3.4056257370412544,3,4
-14.299154324365952,11.94103601041364,3,4
-13.530073338102783,-1.2541187446895916,3,4
-11.312793992090992,1.9307515488368507,3,4
-13.319622038192636,2.427402372862684,3,4
-6.7738257406818345,-4.523553741303663,3,4
-13.105471692754183,-3.7055245199261537,3,4
-12.777949414631006,-3.6747460459443775,3,4
-16.669467254420336,-1.1803596569516253,3,4
-11.096733122621163,3.6738177757696553,3,4
-19.982869505785537,0.2197364439993949,3,4
-17.83831941899669,-5.034019642701338,3,4
-15.868068201697481,-1.233931153823279,3,4
-5.29313405461791,1.7318393014427846,3,4
-20.51047000301695,-2.259096016683769,3,4
-10.914466818282406,8.3537710914797,3,4
-21.343933248951835,-7.51969754055618,3,4
-7.516139298512871,1.5584567094836155,3,4
-18.473170927505464,2.1385163444897413,3,4
-25.542990956067513,0.013502026388643996,3,4
-13.688715308627659,3.697080558151319,3,4
-19.05558380917015,0.34274864561343615,3,4
-18.70169850423835,1.0215350226972684,3,4
-18.581385289452097,-1.6324033566408824,3,4
-18.983261579160917,2.604544967294628,3,4
-11.566195533373339,-0.9384822798296552,3,4
-14.847048020159887,-5.7943656585341765,3,4
-16.198706592027147,-0.20081846816697912,3,4
-4.5168276358801,-4.4478681030966545,3,4
-9.14329104499025,3.987435093863232,3,4
-13.877454382039454,7.034481936780534,3,4
-13.511578109572548,1.556636782671715,3,4
-15.21248261207018,4.89427552967451,3,4
-10.614123064756466,-2.5027091499848497,3,4
-20.27698877839507,-0.8119225495826283,3,4
-18.200154257590587,-0.2540982984614204,3,4
-10.050247461263442,-1.82920662034716,3,4
-15.1712935252463,0.2320909392335809,3,4
-11.606276471178862,-8.98755733593842,3,4
-17.426801179061187,0.8451347691178909,3,4
-10.199684174292555,-1.9676097900248206,3,4
-11.888974354376867,1.8591343378984089,1,5
-0.718261499430664,-3.568999977271084,1,5
-0.6191085074190168,-0.5535760729675486,1,5
-0.442701980843915,-6.616698171297207,1,5
13.07359577198419,3.8246251238361664,1,5
10.86369792205555,-3.41305701127445,1,5
3.1865761944723383,-0.019563945688374183,1,5
10.389149506057192,2.0050214661542425,1,5
-1.607564189006462,0.24598666924068124,1,5
9.11552364153717,4.3674669664403,1,5
11.340558858422508,2.367170062126557,1,5
5.754439651364248,4.231377435610511,1,5
8.687865163635475,-2.583263730520711,1,5
17.630329731126714,2.093709817617083,1,5
1.0126038098436592,-1.43847890219773,1,5
7.669179906266856,1.3895543858027541,1,5
6.775630390680858,0.9339260203286546,1,5
20.299616371187426,3.214629456704657,1,5
6.715720321385219,2.8239317423024497,1,5
-4.2927151317478565,1.1937811498404267,1,5
21.283757147597992,-0.6541376861771215,1,5
-2.6287053575717634,-1.956266665779182,1,5
-4.806697336081495,-2.3542857243831103,1,5
1.665427112689739,-4.216701057535926,1,5
5.140565005546428,2.7068315213599417,1,5
-3.1698056213222827,4.557851770925306,1,5
9.597128796748352,3.091741756872172,1,5
-0.9205109846692334,2.563575681199847,1,5
-4.827405103557817,2.670742502509526,1,5
6.546554058141781,1.659753659954351,1,5
-5.580351450623665,-2.685209526829814,1,5
10.375053964280463,-2.845044012672602,1,5
9.168856628892108,-4.101413419380737,1,5
12.633567914000015,-3.697569944305527,1,5
9.970699439115709,1.8768928009380026,1,5
-1.2709463658661742,1.7460797012541807,1,5
7.343980370002004,-1.616525568578215,1,5
-4.076992156685872,-5.887877075017737,1,5
8.146850425697243,-4.694408314086165,1,5
5.858097794971774,-0.7903446482467473,1,5
11.112284978943759,-0.9061364984695925,1,5
2.0349699228761775,2.195612112864887,1,5
8.015522261757058,0.9484678715483348,1,5
9.223408308276735,-4.606716369621317,1,5
11.811098119882837,1.837406382040807,1,5
-4.150148157188475,-0.7322414210226039,1,5
4.646234411351319,-0.4034903532051981,1,5
8.004739699116811,4.2941003454935505,1,5
14.735900549055458,-3.9366575802942188,1,5
10.598629912754438,3.9867999586062286,1,5
18.2729412755579,8.868085206892026,2,5
18.071128638320943,25.12270445700765,2,5
18.13526542225426,7.493085956417289,2,5
15.071709129854867,6.4488783309689115,2,5
19.690240076496323,1.4858576428626744,2,5
19.59710317403435,-3.184286659420014,2,5
10.802081475594175,9.998641237403714,2,5
8.699920477045127,8.676492929914215,2,5
17.655694448966972,11.255080168310357,2,5
15.370643087866746,-0.9235595565205355,2,5
13.48275988721419,24.541574337502862,2,5
19.444990207387796,-5.589075870566004,2,5
15.011087015543541,24.625871905307946,2,5
19.024427746592643,15.114630354083562,2,5
13.544082493896395,-2.4248423253838407,2,5
20.05504283612553,17.308745131547347,2,5
12.360556939493836,10.628808601743547,2,5
13.407087306564106,24.87061111699441,2,5
16.027013503468865,1.6486221882854823,2,5
17.561927929656672,20.541604207147742,2,5
16.38986559035432,9.148655003619105,2,5
16.674418543555518,5.435146686434661,2,5
14.110177622790605,-20.29560077694303,2,5
11.546957749141479,7.41321934916781,2,5
14.386586337041635,8.8632331781156,2,5
19.719059175644567,22.5547569831549,2,5
14.547486865299915,0.34194430881837157,2,5
13.645021571521132,4.2605243439160745,2,5
12.72515379333723,6.950249840281267,2,5
16.868133671700807,-6.306153349375263,2,5
12.587052721020022,11.295295842218108,2,5
13.105266812504006,13.953554307625996,2,5
17.46103203783737,7.531652380379812,2,5
16.364222736423404,4.6638743529628695,2,5
14.410600249715708,-0.16429643887571732,2,5
12.760264960379283,2.9414056911965965,2,5
10.35414510340876,3.232258368842179,2,5
14.145373519890988,0.08846252857895287,2,5
14.275507662387664,2.438202475046199,2,5
16.43832455425819,4.3823580013987105,2,5
13.0507043194552,13.745170741325225,2,5
11.87386676327069,-7.032008553891444,2,5
13.944236046550472,0.12797078805072815,2,5
11.111650007250317,-2.699960661974573,2,5
15.544279860341915,0.4387917252581177,2,5
13.327730840675036,10.950294658355647,2,5
12.219905073458069,0.8700217785656594,2,5
12.454714097427557,4.685608296252235,2,5
9.642400524197667,10.731278132412001,2,5
15.903322017575226,1.403703275475376,2,5
11.286841614257531,3.7721346559219864,3,5
12.448600171975354,-11.016218387368042,3,5
9.331750270376489,-14.104985333865807,3,5
9.435801754922673,-10.332224228003035,3,5
16.40773192892113,-9.19816109838214,3,5
9.182638589433274,-9.542231365617614,3,5
22.17195946297332,-8.284971064471646,3,5
22.82789930435441,-3.7433929515269337,3,5
13.374467091347704,-5.525067410729921,3,5
12.75658108751376,-14.71069031738244,3,5
8.047816240944705,-3.6193681152627137,3,5
9.657719715681262,-12.6207593872143,3,5
9.633168845957714,-0.1835779349780351,3,5
18.728242008743038,-7.248016037464127,3,5
16.660144939406607,-8.466028081472206,3,5
-1.927101107787033,-10.697863952518217,3,5
20.940221379557386,-8.095972327317217,3,5
8.296312144374873,-8.199352785099522,3,5
23.328956127011047,-0.4961643385517469,3,5
25.53146163413694,-7.636180841600205,3,5
12.069371421229665,-13.066570197683165,3,5
20.338540982827922,-11.671118205071739,3,5
11.517428946338404,-11.389210110531376,3,5
5.877932212829128,-10.349049724198801,3,5
5.744873175269275,-9.156490812595914,3,5
6.1621184355244605,-3.6666643528787715,3,5
2.2659604485623595,-6.117834291944533,3,5
18.52571406613891,-9.052785458053584,3,5
4.974567764766787,-7.922098500721003,3,5
18.25807645852497,-6.223569476186569,3,5
6.28149993774681,-5.064493395247841,3,5
2.283954951145037,-4.274561958228208,3,5
12.860251153912373,-8.231233884555536,3,5
4.129899410869383,-10.54672368913383,3,5
13.743721354421371,-2.0840779900437525,3,5
5.538845770798437,-5.166453185794063,3,5
-4.609189130214482,-9.338470922628797,3,5
9.782587469903687,-10.638733667927335,3,5
3.4444553764728285,-9.671118225875546,3,5
12.045349098284612,-7.749316073625499,3,5
-5.667618633274804,-15.482800610540265,3,5
5.751943754999772,-5.169253655785791,3,5
-9.232533899076643,-8.998920704606522,3,5
6.316265004378052,-1.4466488871662087,3,5
7.304847318009955,-5.468044061036286,3,5
10.988799980612242,-15.522265919228802,3,5
15.377450516422162,-6.138413978174849,3,5
13.557880477722128,8.704950825745307,3,5
-4.588790576490119,-0.10121340095556608,3,5
7.987867364197511,-5.850684382387962,3,5
2.772438773493789,12.878818333009782,4,5
0.15083535880620635,16.647543677865045,4,5
-4.585868483358396,18.75289583760883,4,5
0.9190279755737301,9.349653304798212,4,5
0.7499357100209316,21.285746084312862,4,5
0.3233245649188845,16.7922680910481,4,5
-0.6547813785773666,18.7896092496181,4,5
6.42753869395102,24.243044166482058,4,5
2.1221802725039227,18.343274023789533,4,5
3.4903376976947227,21.47935890931507,4,5
-0.5941619380436518,18.725026564386404,4,5
2.0265135194165915,14.67905911445751,4,5
3.4587624222418643,16.261201982133386,4,5
2.4188547843902093,16.073565915852633,4,5
10.890590287810923,19.92724842807609,4,5
7.3457729624844825,12.722302369880646,4,5
-1.4462041411416218,19.776502791188765,4,5
7.380233962648971,22.36335337875491,4,5
-0.019903129846147394,13.852256723198265,4,5
-5.19742081262717,13.037644469695636,4,5
7.982852552897236,12.667523103859011,4,5
6.202398976004119,14.047484470010943,4,5
4.620285141107804,9.261543050921663,4,5
3.4260472481695055,0.044320145496383745,4,5
2.065519209190076,6.8476337814243,4,5
9.02997258273408,18.887036763822557,4,5
5.333354909830405,22.6050311357969,4,5
-1.7445826041241865,23.736815989577792,4,5
7.660957821301924,13.81722356390527,4,5
8.678100735914722,9.468532437941828,4,5
-1.1225708076383674,11.957051383801499,4,5
0.35511145967992386,9.717211786198735,4,5
9.115415335476625,13.705727998150842,4,5
4.762524841784398,12.148243167931597,4,5
-6.103016502742586,16.35028679195711,4,5
-6.561274877098885,14.656829769572656,4,5
-3.8415751941640526,24.936379996154038,4,5
7.556813610873609,15.528768956357402,4,5
9.318533388273343,10.768420112671322,4,5
5.717396893350465,15.999052168593568,4,5
4.32010040666835,21.361767500533837,4,5
6.662460513899012,16.443618314125118,4,5
-5.274437181141481,10.199768523602682,4,5
2.386455332021379,15.466861871383257,4,5
-2.6510186233696196,27.058383377892106,4,5
10.581970276267864,18.010591601962417,4,5
3.3601843064187236,13.938955150494241,4,5
-1.7595923001111782,15.387402592594313,4,5
4.288762700713754,8.791197122591878,4,5
4.670882086224488,14.223704755876255,4,5
-12.170268020896518,-2.581155032338506,1,6
1.2775501992052019,5.663062972020571,1,6
10.008978120803825,-4.006444707299674,1,6
9.374326604758732,-4.641911966815097,1,6
14.74421948498366,-1.4133739554536358,1,6
4.157274301347463,3.97738994262657,1,6
-6.584472117258249,-4.1913545553389735,1,6
-0.2523939371140438,3.11513655305795,1,6
-8.674114679291582,-8.496466794331706,1,6
0.9395702743190109,1.6552223997327613,1,6
15.802355747649463,-1.389484086256197,1,6
1.2971605359559781,3.461702202767242,1,6
-11.827675297258786,-1.1655623255490277,1,6
6.713815009325519,1.3476561638551028,1,6
0.4117397612820568,0.10332303511752405,1,6
-17.394946180716907,-1.974745237001545,1,6
9.081578412990208,-2.9468821027640386,1,6
5.530857994306376,1.3406175024080942,1,6
1.9170571922801152,0.5113913129897127,1,6
-3.66459308756151,-0.6198338390881399,1,6
10.491945526303002,0.47091888290530265,1,6
-0.2787814260754198,0.672649212872379,1,6
11.431488115729561,-6.149823835732434,1,6
15.431666584603079,-1.008764216043216,1,6
8.829409399162072,3.591740770935684,1,6
-7.345063275074194,-2.12832300728264,1,6
2.403061737118657,-2.351260563373285,1,6
20.614429182531275,-2.570316281480378,1,6
7.898461820055047e-05,0.6131670948089303,1,6
-5.8193457346847985,-1.1870421352687917,1,6
7.857079351251576,-0.9985812131475338,1,6
4.159518269900466,-1.5879963373451127,1,6
-8.630232782626903,0.9647796340177157,1,6
20.794397644825175,0.05520489235031439,1,6
7.027377055227946,2.078168265350578,1,6
-6.423974468920292,5.1075439743888165,1,6
6.820959167805218,4.895570697267327,1,6
-1.5972969597159041,5.454185767673474,1,6
11.976399446313048,1.6591202575570754,1,6
7.106220089178331,-0.7455858542233481,1,6
15.804784926264853,0.4210796095441409,1,6
-12.70362733228437,-3.351559385121007,1,6
3.3273882302652744,0.9299969494966652,1,6
4.490703599900938,3.65691236938099,1,6
-12.559916776347624,0.43076380951548054,1,6
-11.361813028484391,2.2791368864525055,1,6
4.1498715700219755,1.2588299160723544,1,6
-2.774946645307895,3.8383947949732535,1,6
14.375521976529662,1.750632909035663,1,6
3.834344778229033,1.7395718558853965,1,6
17.566666977062138,-2.068925679873489,2,6
18.21183167993756,21.49480894323921,2,6
16.084251951819308,-2.2960246980740955,2,6
16.717170933527026,-7.931415437586477,2,6
9.390550981403507,9.506034128625387,2,6
14.150583309768699,-6.617838439123638,2,6
11.371569193743584,1.9914025285917374,2,6
15.754420826821537,8.889787293521838,2,6
12.73262549952491,3.057308680214807,2,6
19.966221339264884,15.487071264165635,2,6
13.163499248535537,0.16438516153462945,2,6
13.925911860759042,9.912076654119963,2,6
17.218959455174016,3.6060279933676584,2,6
18.954906974558007,-14.093560875072928,2,6
13.765520566313459,5.726805243293414,2,6
14.887288065061556,4.107658457785511,2,6
19.48481468235971,-12.312013034449254,2,6
16.329006391342126,5.413256322706185,2,6
11.9365126273191,14.515497705740428,2,6
14.19707672730362,9.734718990352285,2,6
8.618317738945514,13.467707752164937,2,6
13.191538032648115,4.00905699758731,2,6
16.410132562104607,9.322629506341555,2,6
12.86347840747187,-2.0762589482202607,2,6
12.310073318054375,3.8933463144267053,2,6
13.892378398657662,13.41983695452127,2,6
13.875533830134582,-24.069882193216415,2,6
10.106172553617164,-5.385438208439723,2,6
15.32822541549891,-7.374266382225725,2,6
15.93955342159494,18.286408282482313,2,6
16.36771258551211,-1.0650338821573966,2,6
12.916198892510566,0.4090968978100822,2,6
9.744513579744844,-6.543626682329844,2,6
15.474160469760395,1.1007629344055472,2,6
13.752099216157925,4.033763299851103,2,6
16.824738575054905,-4.45746060696781,2,6
17.328083741530428,-8.171319199465849,2,6
12.742694287940896,-5.022170189267248,2,6
13.49579355934309,-9.66785190615677,2,6
16.54688426533187,14.753124584779789,2,6
16.56642763780181,14.784221120280352,2,6
14.007632327017328,-6.036698285303693,2,6
18.99172471211712,-2.8019912911746268,2,6
17.681093068167332,-6.967886464263115,2,6
20.48886060514826,13.929538701087692,2,6
17.136966478740487,0.9031340737050266,2,6
13.14707496919891,27.816518365388426,2,6
9.35996989827671,-10.350402475323596,2,6
9.350549375824249,12.127120288613312,2,6
16.311939561116883,1.2768094706207718,2,6
12.740702147319656,-10.29822054326331,3,6
12.889159423203417,-6.884536746746427,3,6
8.190734477044812,-14.707980553834126,3,6
8.909362218916705,-8.67923275254956,3,6
15.601594353580253,-10.195098722725968,3,6
16.73397466755971,-16.712163469505523,3,6
18.66889644620455,-5.907045513150967,3,6
14.942487988982986,-4.87280436491576,3,6
5.373507169288905,-14.097792545050607,3,6
9.058786157272191,-9.114082704970627,3,6
7.799437041591418,-8.970019402650058,3,6
17.482144575986855,-9.219188399664002,3,6
13.135004094646005,-15.951493363602996,3,6
8.612596135498542,-7.0015243788133334,3,6
15.11739601562133,-12.156078077510177,3,6
10.328361816936438,-20.10323149244551,3,6
7.716590325262245,-4.354323651441106,3,6
6.878177715990133,-11.242080715115677,3,6
16.029775892780794,-17.01969067200917,3,6
12.738841899124333,-8.24833784995738,3,6
12.049997287629001,-0.5263877773329266,3,6
5.325602964487219,-7.7650858804644844,3,6
11.308793050414142,-8.9123193806533,3,6
13.765228606796983,-14.932624788439986,3,6
12.91598556983736,-19.43160580559315,3,6
14.412990002285575,-10.807366136037897,3,6
14.55464067457241,-7.767526699651399,3,6
13.470479360838844,-11.407642320806895,3,6
8.475726653354831,-14.848883054596204,3,6
16.746938480709325,-6.254658377176086,3,6
11.047558254751785,-11.815989010986904,3,6
8.381542500024935,-7.308972618930221,3,6
14.661667294767115,-4.2351302541450035,3,6
8.486707691281044,-13.51203159607287,3,6
12.92578369010229,-9.414041849096918,3,6
11.13732944980947,-15.491844361814803,3,6
15.525630115694284,-9.115458549817674,3,6
8.3349035977451,-6.578228795578017,3,6
16.680794836786415,-11.46281401100883,3,6
12.318391449504146,-9.78376891553637,3,6
8.553187718974968,-11.87987408334367,3,6
3.3904658215632786,-8.494177417988258,3,6
5.754027110232562,-5.986320686284004,3,6
10.6795196241342,-12.846667927724708,3,6
9.489064375661977,-13.152155495688305,3,6
17.674125380592145,-21.95123462614032,3,6
17.10786154435275,-10.647906075593168,3,6
7.171913408571138,-16.30124957219695,3,6
18.70557210883281,-15.782027519770924,3,6
7.3865979576161624,-7.450741830541083,3,6
8.692764381429571,12.310372117318007,4,6
8.083124877023096,11.871236581798613,4,6
12.504106992113027,22.30685482436567,4,6
9.660030994109714,18.808305306235084,4,6
15.805940624336868,16.998431636941127,4,6
1.090629372895994,19.247369564161534,4,6
17.43023524768557,11.92620253407074,4,6
5.192686166530072,19.082230190507264,4,6
6.730475754971304,12.088482098113428,4,6
12.609289281152353,28.600203610086297,4,6
7.980657295119537,12.479658551319998,4,6
-0.7448026252673756,18.289879906105906,4,6
12.519386716581288,19.375838732476907,4,6
6.987980795405731,14.053641741053468,4,6
1.5391818364095515,21.17375663162441,4,6
11.568858106927928,9.271351066546334,4,6
14.949194890903419,19.870356104470005,4,6
13.997973225728966,10.289361257574424,4,6
0.17087922292280577,16.255153451163515,4,6
9.51392213447597,25.98180411463482,4,6
10.530394569075657,15.786593615939832,4,6
1.8681539616705392,23.150002863595752,4,6
2.1764728712464256,25.142342773861607,4,6
5.578076751967453,24.952910363089252,4,6
10.394656450296392,16.31502255278771,4,6
4.403018140869367,15.2954606132696,4,6
9.141583461876188,17.385782481088583,4,6
4.030942959656475,16.17184294841184,4,6
7.392885148595749,6.35632952792594,4,6
9.290840573943493,12.101393876415965,4,6
1.2333379839712748,8.56327826444645,4,6
-1.9694624893394508,10.222762484438555,4,6
3.454895211847548,26.76629568763284,4,6
4.37060162052398,17.888750531340158,4,6
9.002406932531644,17.655325931079243,4,6
6.612782696370032,11.023531182003776,4,6
14.25463774139606,26.035983218189426,4,6
-1.4132934706134286,11.879857045568102,4,6
5.600948288114969,12.177311025449043,4,6
9.529827767279325,13.358638987966934,4,6
17.825280339033014,22.95274297171798,4,6
8.062870153161075,22.13493131659866,4,6
12.529502121786544,14.180262559708783,4,6
2.918913777290176,17.390715314848237,4,6
11.30818062248972,17.695301993267087,4,6
-0.8849824109549864,12.985877780245788,4,6
6.63013568202811,16.62167197837085,4,6
16.862710883949042,10.07006028800501,4,6
9.527946209179373,24.44556554164145,4,6
18.35724872711398,14.978012884080194,4,6
1.7023615608943068,1.9737077736132966,1,7
0.6771685820036797,-0.34240982126169645,1,7
1.5102630509274204,-8.771957753735768,1,7
2.3627580221621454,0.4370930798701165,1,7
-0.7706756492571942,7.090538638156531,1,7
-2.3380400246037674,-1.396296184743421,1,7
6.898943010800347,-2.882344910024016,1,7
-1.9056552401324272,-0.5093110067731197,1,7
2.912389677446975,0.719849001352288,1,7
-4.477785552838154,-1.8434859790544351,1,7
-2.103937473051497,-0.2675015474797777,1,7
1.4751657056557614,1.4487072344314296,1,7
-6.1522851857027065,3.685599693420819,1,7
0.8749241473503822,4.796159702280033,1,7
1.5387481430091052,3.8150946366807426,1,7
1.6161603669293314,4.663462816401985,1,7
1.8091292717359062,-0.3391883633494752,1,7
7.871944785395154,3.0797149312071954,1,7
1.9875089754776634,-4.421248190737899,1,7
-4.4628284984497135,1.0139961744634207,1,7
0.5041002162257435,-2.1273829693378485,1,7
0.4883783974326179,5.50316510728715,1,7
2.4089448352604808,-3.9525694215203826,1,7
-0.38627790820798796,-2.7884856864531105,1,7
-1.343031906619669,-1.432806695353923,1,7
-1.6546128341619482,-4.347916469269563,1,7
-0.442208788427058,-1.942001820261326,1,7
-10.147907938500035,7.111703705908836,1,7
3.771608717684948,-1.3035439489901868,1,7
0.06519110060176474,-4.058729716925937,1,7
5.87415635985066,6.572400831946138,1,7
0.5428029971007423,3.5456141576654385,1,7
0.6072112140173002,-4.630552751805835,1,7
-1.4265979975784766,0.45701188277657645,1,7
-1.5745994866563466,-0.7574371715178717,1,7
-0.3166173547901994,-0.28017133508565994,1,7
0.18102872133699258,-3.6740437235277503,1,7
-2.483816800273937,-4.44993042959181,1,7
3.3872524249747777,-7.294174972138942,1,7
3.996154171491478,4.802455186203468,1,7
-1.0467842594297734,-9.017531390367536,1,7
-1.2516165012772207,-0.22234045678686098,1,7
-3.5008149259110883,-1.7847688701398132,1,7
5.300751659858572,2.3033752568784247,1,7
-3.2027840419155833,-5.534245863738271,1,7
-1.1328212181100241,-0.7394359741099564,1,7
1.7188844063753053,-1.8543914886158606,1,7
1.7718865051532997,6.7035702357129905,1,7
2.82497840899566,-0.16658347591409306,1,7
-0.6344518425889586,-1.235551980188737,1,7
23.279986674520746,-2.805431016693507,2,7
18.202242102901305,0.22896397782294237,2,7
15.755952869677106,-6.137852523690684,2,7
19.444385890176715,-0.2728180559322432,2,7
20.237143389513154,-2.386333116025392,2,7
23.459678825051117,-3.921051551358426,2,7
25.65647691056411,-7.8156680718729445,2,7
19.944350837862363,2.1261906494373033,2,7
14.442160632207537,1.8979473885920919,2,7
23.72218144812764,-9.913915237195749,2,7
20.248343129769015,-11.150246081149437,2,7
13.681415711686256,7.285853477149482,2,7
15.39819165049463,-5.249750795686993,2,7
17.11479556535664,9.247958286472741,2,7
9.808467964135502,-4.701600855689744,2,7
24.696718070503145,8.307897444222075,2,7
17.537441502981796,-5.5412121411087965,2,7
27.37289708049297,7.130563148317108,2,7
21.03634323551014,-3.6331737546091505,2,7
17.780734121988285,-0.7171520841872342,2,7
19.479612015129845,6.489075702223246,2,7
21.932872569109925,-4.818172290939932,2,7
24.155879266061657,1.4003695020187945,2,7
21.07265164911106,6.558570106255819,2,7
13.028861999283045,-0.1602168586418402,2,7
15.623262992418283,-7.0116805085618354,2,7
19.550534156804062,11.232022357355458,2,7
9.770922158801293,-0.14436328132369294,2,7
20.864595090668857,0.5504224509032966,2,7
17.49407596882528,-5.810272212289872,2,7
19.04105396294995,-3.3843513910614,2,7
8.20637240453143,5.342378820922241,2,7
22.286031683677347,0.23103491204611495,2,7
19.024453149505042,4.804496211768957,2,7
19.003277445209527,4.0428894105988755,2,7
16.669619153499646,5.867369649651315,2,7
19.434597378794198,0.86782667413738,2,7
12.32011414012501,1.2833055935202924,2,7
14.279384500534356,-2.8544871307632427,2,7
14.353529335777102,-4.768347575423053,2,7
27.502266587587055,5.953929287413752,2,7
26.588144553152084,-5.468952786144351,2,7
18.31865645690505,-5.784741958741357,2,7
14.888757925977993,-4.105988693792567,2,7
23.543588204449737,-1.7719929898767899,2,7
22.777937631791502,2.7017107514951424,2,7
28.302185690618188,-6.616275703719581,2,7
23.63146224738115,5.127039436800107,2,7
13.646917500623587,4.504037205520307,2,7
19.503285975241603,-1.017304761046466,2,7
-21.295741947887997,-2.8764378057967437,3,7
-9.800751616856296,0.002731275829930512,3,7
-14.871479993874164,-3.1635975266702125,3,7
-21.119411784886555,4.327939236999769,3,7
-23.39830484620613,-1.6608550716210861,3,7
-17.86389035571107,0.4454904073602097,3,7
-18.716373140064626,1.5832791243836923,3,7
-15.228576976728753,2.93855018183732,3,7
-21.943215234671307,-1.1366203917151887,3,7
-13.22094855249225,3.578588750295489,3,7
-23.491437805924257,1.4059196014088067,3,7
-25.912900997499243,0.1877396082414785,3,7
-10.408931933016092,-3.791570869075945,3,7
-21.33729218196633,3.056119126291438,3,7
-24.171206060838585,-2.5310201195401563,3,7
-15.61423544967299,-2.5371433907576124,3,7
-18.943879948843886,2.976742841260138,3,7
-16.313815665853756,1.0672735851816075,3,7
-19.356489117080155,1.4802444610758214,3,7
-18.494930720399026,1.831222439703139,3,7
-19.987728100471912,-0.7302758975181645,3,7
-21.959831170208055,-0.1400304400249436,3,7
-21.24400345451538,-4.456185800647973,3,7
-16.965355408578446,0.8509591034306413,3,7
-14.86850506020571,-1.7245022783003963,3,7
-16.367788612652976,2.203190289094653,3,7
-16.22090476867362,-3.3026147312085685,3,7
-17.402546070915243,1.4565611842186454,3,7
-17.97128613236823,-8.345910633484339,3,7
-17.35804150410608,8.850124157588969,3,7
-19.44015707502793,-2.9123083914212846,3,7
-16.506605761154407,1.2495128418662869,3,7
-13.229059338334341,-5.031472623635551,3,7
-15.07447898970003,2.361688245005854,3,7
-18.568586147762183,1.35474927168676,3,7
-13.88217007360657,3.4892615201138013,3,7
-22.572077248294914,3.280632747021938,3,7
-18.258754420130074,0.29149639206206157,3,7
-17.707212035993223,-0.6009719551930399,3,7
-13.23317001157174,-0.33487183939684806,3,7
-22.478184513532675,-1.5741194238789153,3,7
-17.285221132758096,4.916859137188202,3,7
-15.587621260204665,-3.4021411149881757,3,7
-8.059240333284434,1.0591012439119185,3,7
-12.898437048003942,-0.6068577343089165,3,7
-15.866563021178202,3.357874018073619,3,7
-13.127221152982976,4.2294732215129,3,7
-14.511211999708088,-1.2603469247764345,3,7
-20.286984167824244,1.3304300412967902,3,7
-14.267487710635724,-0.8908828031064282,3,7
9.586547691429478,-5.503700423676784,4,7
-8.246888271660778,-15.742823170930897,4,7
-1.263375530148028,-10.624314326377739,4,7
-4.721103123903458,-5.952765781391493,4,7
3.8166017536660606,-11.823587437243987,4,7
-12.923185714816748,-17.884507222802583,4,7
2.5290832525362568,-21.537257577201885,4,7
9.113736686796646,-12.707285493838862,4,7
29.1878367263526,-1.6786847544918704,4,7
-1.6330416232276508,-12.475553532367176,4,7
8.960233626018267,-4.38318053361507,4,7
-14.74226151692415,-19.9889139477418,4,7
-5.598313249989433,-9.393918301958603,4,7
4.471862314568374,-7.21583661253451,4,7
-10.797277755287773,-22.358110246534732,4,7
7.722127757719308,-15.703806330124472,4,7
-18.166390779497743,-11.351255205928124,4,7
7.138581193968096,-12.545856089123697,4,7
-4.120635475642403,-12.712689568248699,4,7
-3.3352448616070456,-18.028649958340964,4,7
-6.432126092913887,-9.668765394168954,4,7
2.8951068723885007,-11.24841369914553,4,7
-8.956336336680415,-12.811706817333036,4,7
-19.593585417985693,-11.201828094309773,4,7
12.859719370322106,-18.592519310125688,4,7
-5.273349059859798,-10.52818974189634,4,7
11.275583709847353,-14.00452142247179,4,7
-6.230252963393067,-20.805291977829725,4,7
0.9309431637729574,-2.8675583180299977,4,7
2.496226157682083,-12.099634623848171,4,7
2.898740796902869,-12.04960494967154,4,7
-7.317129350341169,-8.318180288068712,4,7
2.0318537080057895,-11.921231142743025,4,7
-8.778294245504249,-6.170535309967419,4,7
5.982324707997989,-14.472737157058786,4,7
9.016423683137434,-14.22520443650177,4,7
-7.0380314325993325,-15.397495626808862,4,7
-15.93961697779282,-9.891198366225652,4,7
-16.48030390504515,-17.493767826501053,4,7
-18.6802920817068,-12.38491536776592,4,7
-1.3528841424468485,-13.461029881352946,4,7
-9.383199252035187,-17.242388716408108,4,7
4.179328771919168,-14.462143088888002,4,7
2.8472248938253024,-15.958952478332273,4,7
1.629564684939741,-6.171563429957548,4,7
5.27549220353505,-13.844370664784583,4,7
2.3147907332033464,-13.076287380132815,4,7
0.07092166225255336,-13.456176893658567,4,7
-1.4790168529685208,-11.05148968990056,4,7
-8.940228296237557,-16.54314822810468,4,7
